X	Y	Z
1.978174725474767	1.2149828139880505	0.0
2.271626577089314	0.16861992162572526	0.0
2.1000787718133433	-0.2710275889173212	0.0
1.8024117137331557	0.026659453804382942	0.0
2.4737013815407254	-0.3401831058111543	0.0
2.343608785509797	0.11893119075194511	0.0
1.9940287769798193	-0.7457733857666087	0.0
1.7408790445050126	-0.7605786198047308	0.0
2.2003574180100376	0.9812436043269155	0.0
1.800960830371751	1.1427257739727952	0.0
1.7268989549201288	0.5437906610156158	0.0
2.155689951952765	-0.09987337909251787	0.0
1.703539486997525	-0.5673220456209593	0.0
1.7831154250886774	-0.5051909148239111	0.0
1.7766646293964212	-1.4261895295992992	0.0
2.0589258318217785	-0.9072739242555365	0.0
0.9920620958393556	-0.006004709976567297	0.0
1.8438135822076445	-0.37822114030936327	0.0
3.0554371224250447	1.089022781509629	0.0
2.209240371492385	-0.348757882352246	0.0
1.759501915422142	0.39082347135288975	0.0
1.7528823813353864	1.6276419722959092	0.0
2.202595673853689	1.2235276687757757	0.0
2.139285664668413	-0.28921733299562946	0.0
1.3975804704925463	0.48409511399000893	0.0
0.9148994048299204	0.09382478126788953	0.0
1.3664329448858357	-0.9062783211955352	0.0
1.2520856944416596	-0.22045914157357008	0.0
1.859753434385909	-0.4977862387063716	0.0
2.5895500087642485	-0.4509507338438465	0.0
1.0560997830802143	-1.2659779498772006	0.0
2.521160950371331	-0.3697821254138012	0.0
2.4632526749521735	-0.4701358232947387	0.0
2.4180327351098465	-0.21474103371914538	0.0
2.995436070544804	-0.6224845700452603	0.0
1.8974627393588779	0.6069509544890717	0.0
2.9631168330938156	-0.031249700039696744	0.0
2.867060773109215	-0.4231928181214623	0.0
1.2795790162089355	-1.333906530016042	0.0
0.8306535262781396	0.33106885477929543	0.0
2.781120513349112	0.6051899348026273	0.0
1.2710585496781217	0.6859834863440862	0.0
0.5560746750891983	-1.1048306287464313	0.0
1.095735531701454	-0.8018613336385585	0.0
1.6160909721605674	0.13895495394485474	0.0
0.8898828749514942	-0.5814330942229378	0.0
3.6557879456798448	0.1771195065841818	0.0
2.79058963884463	1.6450674004811487	0.0
1.083128941387005	0.5733557577862833	0.0
2.791895944720816	-0.7559528696217822	0.0
1.2166543977405528	-0.2580684716922146	0.0
1.999299725580552	-0.14170254989840952	0.0
1.0243214838419912	0.2994714127569338	0.0
2.2520202306512638	0.3408961071250663	0.0
2.6626055012060235	-0.4851101103226195	0.0
3.0414607649725496	-1.066077629992619	0.0
3.278176942325312	0.24720183631669387	0.0
2.533560625394247	0.57989468340035	0.0
2.4301506949068807	0.3520788781477245	0.0
1.8260210794759275	-0.7251949347280184	0.0
2.3869841637381137	0.2003357717164262	0.0
1.1744296679514663	1.1745807509096178	0.0
2.0830788404794625	0.3984718199126168	0.0
1.211136407728532	0.05063821592647762	0.0
2.5716240030299504	-0.8896979863814976	0.0
1.5998821740081992	0.25018580442067667	0.0
1.5622245215901416	-0.19359519230823968	0.0
2.1468705927460037	-0.9122610190687777	0.0
1.8034479311244684	0.8096684241675545	0.0
0.4860086911361199	0.34468343191054385	0.0
1.59430074721464	0.06244969396738922	0.0
1.3422396979565683	1.1208214589002603	0.0
3.1899597955455814	0.14176266585593594	0.0
1.510818293456714	-0.7151722872836139	0.0
2.457904209714635	-0.10487218615777	0.0
0.8888368557942159	-0.5147805778527206	0.0
2.22620426332622	0.6051779160235072	0.0
1.8619736947546353	0.6974765811560535	0.0
1.223637415016642	-0.9724145260828128	0.0
1.8227526205576596	0.27646849144613356	0.0
2.7363944533898734	-1.058117194042936	0.0
2.1758104280985178	-0.2470408044590763	0.0
2.783584302817676	-0.3918684762017875	0.0
2.2237020206006015	0.5141628729597038	0.0
2.326183470124433	-0.02794859785972499	0.0
3.444063450115272	-0.17602991164058931	0.0
1.0621299516477283	0.6873048089602593	0.0
1.4514508934953607	0.815971622332867	0.0
1.9444617435863993	-0.031038600739165	0.0
0.7258043360873299	0.45892624348242983	0.0
2.4682324900824506	-0.4411634970197299	0.0
2.8602633008008747	0.445577653106508	0.0
3.1930267152848906	-1.2275737159668059	0.0
1.4609866368835855	-0.9480544251999314	0.0
2.350939824629246	0.04973052255741778	0.0
2.5134265841626124	-0.87109140657668	0.0
2.049375863365159	0.04211494333574733	0.0
1.4410533381900898	0.3710040565009637	0.0
1.7480358381746788	0.9983968868301514	0.0
2.168162235256581	1.253379820861811	0.0
1.8404586584018514	0.090123621140395	0.0
2.4664599760665373	0.6254967784628525	0.0
1.5680587599247198	-0.055423960295067805	0.0
1.4382956928037665	0.5947460625283614	0.0
1.4047264789782827	-0.9820275036422885	0.0
2.3874555222521416	0.3874063769938767	0.0
4.251062331321619	-1.423432414033106	0.0
2.4453116010263005	-0.7771730772587908	0.0
2.6360935482357366	0.398660380192734	0.0
2.2519894387718407	-1.7596575677912165	0.0
1.9558602658055757	-0.5174136995880598	0.0
2.90125470583875	0.9690809202976015	0.0
2.6608717406105518	0.53870569822	0.0
1.7436151371901274	-1.1320082541930307	0.0
2.859645362904594	-0.32641405010144237	0.0
0.03263204661431418	-0.2760706878907881	0.0
1.7989639825141899	-0.6417222468583736	0.0
0.6580770632771222	0.30026666264389906	0.0
1.365472593104095	0.010195380081933273	0.0
1.6928576468308019	0.05228248920070356	0.0
2.040757244575201	-0.6541012907076357	0.0
1.5467917544177512	-0.31751528777390753	0.0
1.9558240346908644	-0.10868231852868462	0.0
2.2438074168395494	0.23300445505276945	0.0
3.084984009376828	0.3568126433839253	0.0
2.380435951746349	0.3298146136853082	0.0
0.6957538161614492	1.043346394921607	0.0
1.56521576771785	-0.10786776164540837	0.0
3.484867517559636	-0.5286652480957459	0.0
0.5803973175403137	-0.8477061682562853	0.0
2.462065969423576	-1.388176199809704	0.0
1.8007620217149076	1.035463359153831	0.0
2.561297909227189	-0.9914492341673624	0.0
3.4939273122373855	-0.03177137192900894	0.0
2.7995075801719738	-0.26262070316326824	0.0
2.3176808434788687	0.9775740297595837	0.0
2.993530675478348	-0.25386505245135566	0.0
2.7361822156452487	-0.3645894420070158	0.0
2.4153079503644155	-0.009780850422275385	0.0
2.5258857958848013	-0.0729603020440368	0.0
1.3103243160351625	0.5944846706771652	0.0
1.8460105024217697	0.8056879296156141	0.0
2.4723789914612784	0.16890814752062677	0.0
2.630079231280917	0.6674435220982936	0.0
1.9945546584385179	-0.6626730602352496	0.0
2.9991619064008783	-1.6399527459225909	0.0
2.6307568163954262	-0.7752543384017307	0.0
1.6377280882132745	0.03516665749481043	0.0
1.2245574740348952	1.0684878544802496	0.0
1.6332603295705408	1.2138519020828786	0.0
2.1791099178308926	0.10384097241056918	0.0
2.0299166454884667	0.4729544133064598	0.0
1.999983721478505	0.3957652386279875	0.0
0.7861826868611226	-2.1312773172885158	0.0
2.171103128371413	0.1285336818800663	0.0
1.3468566222722793	-0.060567939389798514	0.0
1.3048146821336624	1.0205471840655715	0.0
2.6383461518275717	-0.13552251011094593	0.0
3.3664603854368247	-0.37361951751557926	0.0
1.4024049910278527	0.2654337351237064	0.0
1.866585002780766	-0.13243912247904163	0.0
2.282934683377566	-1.02827090181979	0.0
2.2398695883058166	-0.033155223174506476	0.0
1.1680153849540929	-0.14060004099881943	0.0
3.6384172594877002	0.24418942905796978	0.0
1.9962326571582019	-1.4443139389919737	0.0
1.5998520517343406	-0.49866000050024806	0.0
1.5881408580106036	-0.3472743116721945	0.0
1.538033724932335	-0.5842562212997185	0.0
2.8081376494762353	-0.9166151455930777	0.0
2.4869769487448217	0.7853237757819236	0.0
1.2774943794206801	-0.60851296822233	0.0
1.2927504197209865	0.8841021452710529	0.0
2.5254480886052444	-1.2879595868148714	0.0
2.1987967489372187	-0.637987927639835	0.0
1.9955006811143143	0.9802888284348965	0.0
1.4256648907984397	-0.49289521164213	0.0
1.7881104111646655	-1.319516239487291	0.0
1.9751952586705495	-0.38664307371396944	0.0
1.2535189436598266	-1.39097466462654	0.0
1.9686987217371321	-1.6331561672330792	0.0
2.89606574290948	0.6452356319356005	0.0
2.492857960274567	-1.4880031558641282	0.0
1.5702183253637862	0.07088800643657246	0.0
1.52685923450907	0.393289807130909	0.0
0.9785104241761498	-0.2598388431180161	0.0
2.260353042591332	0.2798467797352461	0.0
1.8156831559164581	0.13093496157915172	0.0
1.098290748733058	-1.5269887260592712	0.0
1.343556664409482	0.14124641363995255	0.0
1.3457684605607891	-1.0689262369986277	0.0
2.0463201775315913	0.5346099866180871	0.0
0.9243736335743657	0.7494238213437198	0.0
1.627169547714753	-1.2896065482149184	0.0
2.6605189205483795	-0.674023536352305	0.0
1.162239543271743	0.9667234026346053	0.0
1.7549221883258137	-0.17617258682977013	0.0
3.213097544327276	0.3324434003077402	0.0
0.843125291932902	-0.6741895905188865	0.0
2.7444930286306666	-1.2104296527948581	0.0
2.1270826226106325	0.19255547602722337	0.0
1.6545847093545363	1.0028137040978997	0.0
2.335402957489236	0.04041898582188909	0.0
2.8403426576725512	0.06342183997444346	0.0
1.9242379268397807	-0.9093004793580424	0.0
2.0339541824556546	0.623254362149651	0.0
2.119562351482328	0.41363553473792336	0.0
1.6487137129052574	0.18642446514405558	0.0
0.9671333311259835	-1.2249233029467828	0.0
0.5198093463437559	0.11983498644957555	0.0
2.9876976691525305	0.28123743446467736	0.0
1.6523706210000362	0.362678173293589	0.0
2.927664901316045	-0.7989652723259238	0.0
3.3490355726726833	-1.2671397693567759	0.0
0.6481326754963133	-0.5294806153633158	0.0
1.105785870445802	-0.19655513304491762	0.0
1.9545509949316955	0.5306253581034978	0.0
1.1595997174077943	0.319743910985135	0.0
2.017048745160352	-1.0891707336347047	0.0
1.5253709795008734	0.010628755570868039	0.0
1.2130671611345314	-2.0756895433239237	0.0
1.7420008003279805	-0.8947301538755248	0.0
2.21108461844557	1.1609774063194718	0.0
1.5339701586096097	-0.2358147140388241	0.0
2.9674188773494805	0.6525131402702692	0.0
1.8330683647143795	0.21843739427135542	0.0
1.0656969684957631	-0.17281629073504726	0.0
1.1076785448397128	-0.3939322113714036	0.0
1.634166119196554	-0.3605690556752725	0.0
1.9470026290673734	-0.022727560349910025	0.0
2.4053314869770834	0.7092916114800488	0.0
3.2910573829964056	-1.0039425946646197	0.0
1.2730843971962336	-0.642277681218559	0.0
2.9832948474362366	0.4613240429750054	0.0
1.869870835212816	0.3165313943021394	0.0
1.415100179490962	-0.2893654991725251	0.0
2.1985352919525964	0.30577948792707055	0.0
2.5586377876835904	0.9554460028439559	0.0
1.752558074942677	-0.8836982687378254	0.0
1.231332632697288	-0.9677118580321822	0.0
1.6202692357464028	0.24594114287087168	0.0
4.072493041574183	-1.448917500876223	0.0
2.981784829220462	0.3924444709217736	0.0
2.1507520811668526	0.14094548336142393	0.0
1.4447181364425938	0.9834296939427573	0.0
2.1505086665586775	0.3813994647778852	0.0
2.5445596178126584	0.5623603214797663	0.0
3.7885841950994097	0.2685967103739896	0.0
2.6030877960179373	0.9188565605957912	0.0
0.5952576331276571	-1.185373839927668	0.0
2.2867304819003476	-1.8914939320573567	0.0
2.504924569239963	0.790694581164811	0.0
1.567103624026371	-0.08319322229220491	0.0
2.6737712617029215	0.11075311089841719	0.0
2.7971291419612285	0.09936179406213677	0.0
1.7499523406072772	0.6968132125925621	0.0
1.5741291356298044	-0.12671555919865243	0.0
3.2662358322052283	0.6532218898650756	0.0
0.9613511006066195	0.09093945185708097	0.0
2.399871757756901	0.14025218108322282	0.0
1.9291886387297204	0.4066159569529738	0.0
2.2464595385666444	0.28751803993856084	0.0
2.282693802240154	0.3798854406034051	0.0
1.4567393353219646	-0.6771883370268214	0.0
0.9947200071038951	-0.8513581001816493	0.0
2.8121503640659187	0.5762016607038963	0.0
2.2155721714773424	0.07792555526391952	0.0
1.059267943159687	-0.2092118782395418	0.0
2.3881233895980785	-1.4032107475329192	0.0
1.384729245352569	0.11842656079722504	0.0
1.5983262690967246	-0.9220492331275121	0.0
1.5513868443480687	-0.5813227085298773	0.0
1.914534502834556	-0.09310912461176116	0.0
2.6936686844259987	-0.012085155763816427	0.0
1.5492899896231793	-1.0524705248157837	0.0
0.908455980445146	0.8503946538674758	0.0
2.0712651788264167	0.875531532212229	0.0
2.3472983646271137	1.5165686939660667	0.0
2.1238225229347667	-1.0524964123443017	0.0
0.3820579029850284	-0.570092809699402	0.0
1.1148943649911984	1.212478273688526	0.0
1.0591576342080713	-0.1810760830883241	0.0
2.944680117305623	-0.19406294149827774	0.0
2.7715687756096763	0.8646201205476657	0.0
2.418358660366767	-0.5624087186989621	0.0
2.5728788125780087	-0.3194599811854064	0.0
3.0067781876966615	0.7545176268219586	0.0
2.7742117477628363	-0.28488530467443196	0.0
1.82926372725506	0.8067782027713455	0.0
2.138851913702257	-0.45483215280815403	0.0
1.9700312454396176	0.6589843022669122	0.0
0.5117215395033714	-0.8185805904671815	0.0
2.9215892039905906	-1.790452608810963	0.0
2.9381332926215507	-1.309692722054398	0.0
2.7523640818566664	-1.9886139077646021	0.0
2.7626110543709763	-0.8528155020240294	0.0
1.5875645213861191	0.5924986837743617	0.0
3.428728788785407	-0.77444749529284	0.0
2.0098329389162752	0.557142541360673	0.0
0.8942329290152227	1.7320390888599988	0.0
1.4247669983389053	0.027574634876437982	0.0
2.0354599594313703	-0.686471241255652	0.0
0.5306418344590655	0.4797511645674405	0.0
1.9396314899678226	1.5999580783636382	0.0
3.9268237352738637	1.122075311879637	0.0
2.1492363680860946	-1.486653056222191	0.0
2.30300832700376	0.9767080526894043	0.0
1.8741328928252114	0.9402409449779282	0.0
2.3352013251396677	0.23939733859311124	0.0
0.568691491299232	1.4228349263161588	0.0
1.219770450565597	-0.2582536567553372	0.0
1.23879009738019	0.22415571783294308	0.0
1.1640022542373618	0.030299158996946164	0.0
2.244800380995802	0.20151983707967164	0.0
1.992181835110907	-1.098780392789402	0.0
3.341493802272698	-0.8600466902220961	0.0
0.8601896356987804	0.1841928778548797	0.0
1.162389078366513	-0.6345033026575999	0.0
1.7072191386840443	0.49501644662526023	0.0
1.562825923801732	-0.7910825794647762	0.0
3.1249880012542492	0.4895087172204885	0.0
2.026606964127452	-1.1278911777146186	0.0
3.2095533188559355	1.2633697274125995	0.0
0.7605456637055852	1.1314744545941466	0.0
1.4607906199708522	-0.618378015126236	0.0
2.789780749403893	1.5882623221974352	0.0
1.878294095024597	-0.4294996355149202	0.0
1.5176026366034439	-0.5556565679083051	0.0
3.267753572635297	-0.7001518911976417	0.0
2.1875271208473146	-1.0153039377007176	0.0
3.535011567547156	0.3242584117367991	0.0
2.4353531751659747	1.1220956387658705	0.0
1.4373468088448265	0.14296971797811966	0.0
1.305854990842084	0.31930197643811264	0.0
0.5849280600367128	-0.002903021448441164	0.0
1.9031598622530255	-0.927538503641472	0.0
0.7107408925622263	0.14242056448705026	0.0
1.406477423146673	-0.9763203853587737	0.0
3.2646558670324737	-0.3922520039413681	0.0
0.8360772218177686	0.6958587420083293	0.0
0.9534324912586176	-0.00034140526899263717	0.0
2.4388722943609653	1.546258571834108	0.0
1.6333694496567916	-1.2308240397310115	0.0
2.339782587552856	0.6218103741889213	0.0
1.2078349452993948	-0.647554400387228	0.0
1.88058419532286	0.5409645848235554	0.0
2.607669587023457	0.09152633142659444	0.0
1.4828728682690735	0.4917718890969617	0.0
2.357143529704516	-0.3031949081667553	0.0
2.8128048845006886	0.36348874199992703	0.0
1.7316769011287714	0.055136162185038196	0.0
1.8716834750541798	0.06175435799636774	0.0
0.9340286605049037	1.2235628781324992	0.0
2.060770973224641	0.496469684017666	0.0
1.3612139798827927	-0.9711828285126265	0.0
2.4858367691939223	0.12473201269955483	0.0
2.2555782863175966	1.626276515290369	0.0
2.2093996924391375	0.29700979822386403	0.0
2.463319871101774	0.5656622933607625	0.0
2.7460149939788545	-1.3584890439758874	0.0
2.2417979689163907	-0.06847035762993096	0.0
2.414620284271493	0.46666218019177896	0.0
2.0322265328973237	-0.3612757240487396	0.0
2.497456993588694	-0.2937401094008615	0.0
3.0577732007904705	-0.07700859423072355	0.0
0.9525521959687264	0.6690405331310546	0.0
0.906909793907076	0.40101836963042115	0.0
2.495584153491146	-0.4082520959076643	0.0
2.6063697678612066	0.312503778452945	0.0
1.3994644578068676	0.12000947658138664	0.0
2.5333433651655284	1.0727207229475961	0.0
3.029999991585689	-0.7446348525108961	0.0
0.9409733771713555	-0.0059908871207382235	0.0
2.4654173416871497	-0.7348964175173349	0.0
3.525699958012276	0.04365895592294075	0.0
0.8453216802525865	1.2972419278445304	0.0
3.6700474583130047	0.1591520733922624	0.0
1.768145266060978	0.11640778852310242	0.0
1.0025909137401365	-1.034778195997622	0.0
1.4235662076587987	-1.3670333067486973	0.0
2.015757363581332	0.7378272043129642	0.0
2.939712588975377	0.28397137397726224	0.0
0.8124767746775412	1.1345458111405673	0.0
0.18171643651857838	-0.32138270317677364	0.0
2.1833734774914477	-0.39921098071307737	0.0
1.6114171694603066	-0.033098176244122826	0.0
1.9530392218786532	0.23126942695415043	0.0
2.8768939502897624	-0.12980499029679135	0.0
3.5533694636445596	0.05573245954757798	0.0
1.4842465736526838	0.3021653729609874	0.0
2.4555774404272666	0.32324748920076823	0.0
2.4302749595875057	0.17924981796162204	0.0
2.2336713082394617	-0.5063384916895878	0.0
1.6847235098562257	0.6105851437684409	0.0
3.5915118677859974	-1.1907735368923826	0.0
2.0072698011166477	0.7274615179669367	0.0
2.09417055523889	0.21042839550987497	0.0
1.226226225507135	0.6134583610599806	0.0
3.45973940676064	1.3468588784079372	0.0
3.0024582542387055	0.9071020735869282	0.0
0.5299021521172655	2.499060545912565	1.0
-0.4448138730072841	1.104086571051743	1.0
-1.0605993889143552	3.0240598832421495	1.0
0.8945608601218792	3.9781335870437324	1.0
0.15906221811535232	4.231107839758862	1.0
-0.10920265966610737	2.7773651175153993	1.0
1.070464700819628	3.6413893493377243	1.0
0.3252722482889572	3.038360555655786	1.0
0.1527683064918402	4.285130980008316	1.0
1.5172300637533362	5.025734489951122	1.0
-0.3675805262225573	2.8179025887838876	1.0
0.6907328689959708	1.7544333412208881	1.0
-0.7643556411322516	2.972300300602842	1.0
0.6371766262413744	3.3244579959986926	1.0
0.5519006298697536	3.2746492553787814	1.0
-0.21421078275192534	3.1034856967935904	1.0
1.6204267070113418	2.3747786013649055	1.0
-1.1952092944159844	5.016500370854707	1.0
-0.5200451669143183	2.8714066514302417	1.0
-0.9553152006965027	2.437464714972169	1.0
-0.7191402485222794	2.974242642270688	1.0
-0.628476710368358	2.8765599001033952	1.0
0.8219822820014517	2.9986066549869714	1.0
-0.3382597726354134	3.843373678550631	1.0
-0.18567594911791235	4.278612240403013	1.0
-0.3037141356153652	2.9857974841050123	1.0
0.12906349658201288	2.7579381299725214	1.0
0.13859736876972328	2.9673128766127865	1.0
-0.777225200015958	3.146566115690436	1.0
-0.9862715170719671	4.019615259251487	1.0
-0.24995101937633712	5.353313674748652	1.0
-0.4782617023699129	2.9277198798433766	1.0
0.4151962651644976	2.189975714079535	1.0
0.728972457853261	2.90815972079932	1.0
-0.5424431560690244	4.065962926097195	1.0
-0.13813282644584823	3.6722298358856027	1.0
0.14215279524998697	3.4144261149062487	1.0
-1.2162375200885676	3.986890241906472	1.0
-0.17698562106260365	2.993670241648513	1.0
-0.7536525742231582	2.5891663968176255	1.0
0.16816545117831894	3.5446616839555682	1.0
0.06540895087885794	3.2450586455185153	1.0
-0.818717411400848	3.2131778632044194	1.0
0.497610532125746	4.37813538766274	1.0
-0.8496996392677763	4.028240414332221	1.0
-0.07811334378970153	3.1886312009411064	1.0
0.8935052287218614	3.2189946345963514	1.0
-0.2755680070500439	4.471480837603542	1.0
0.21145177780347535	3.1339717682794483	1.0
-0.48423593691985434	3.5194386167962426	1.0
0.13268788599176395	4.132114312442072	1.0
-0.36893275508347234	3.04571224790726	1.0
0.2742297515554859	3.2086901046998846	1.0
-0.6139754832587402	3.179847857907944	1.0
0.05511913085173066	3.943663823441028	1.0
0.5455126351331278	2.4702963409493504	1.0
0.9136926245345713	3.461353871390736	1.0
0.6177855940576853	3.7242490612608625	1.0
0.22572621342104382	3.7256287915237123	1.0
-0.35038873905400514	4.403891967791495	1.0
0.3730844766621316	2.4282965727858437	1.0
0.9630429971701319	3.683698088247769	1.0
0.38454758750733686	3.8161592453068076	1.0
-0.03975868683512891	3.515653458164826	1.0
0.5891750204345108	3.7521358721393048	1.0
0.316555122174212	3.849842748747366	1.0
0.29211789299026086	3.525349950559455	1.0
-1.5196723312221823	3.5826645551042167	1.0
-0.33991188103868564	3.716629132809349	1.0
-1.1970410629289647	3.0783301876653772	1.0
0.005339305931081416	3.0544222604273674	1.0
-0.15774065654413982	2.8016698951960057	1.0
-0.5676949867027477	2.970943404434686	1.0
0.5875075071616493	3.3785065154991925	1.0
0.3285538674501413	3.104857775486329	1.0
0.9191325401636633	4.297194671394592	1.0
-0.44729601030112576	4.281243363770441	1.0
-0.4282401188828075	3.6592095324310896	1.0
1.0185786442401237	2.5168353301515642	1.0
0.7715994197129556	3.464883074942009	1.0
-0.3007664944551871	2.8446095038463866	1.0
-0.7425337489008124	3.5037969417540014	1.0
0.5033917185752874	3.2840449817220954	1.0
-0.8698091587306633	1.998227464879045	1.0
1.109303767107317	3.859926465777807	1.0
-1.073688287422498	2.890545436104314	1.0
-1.0761839584664854	3.2211395950467425	1.0
0.10530541204138638	2.750320107600107	1.0
0.013505272520277264	3.440751929527969	1.0
1.0103129984946269	2.5185325230958093	1.0
0.3670217641078881	3.207158666659695	1.0
1.5428168055031293	3.805879862605937	1.0
-0.330576107943977	2.6060243649229102	1.0
0.27590537513447255	2.5381676173924297	1.0
0.4204746756234342	4.746343696285478	1.0
0.6066927121724154	2.8571683128121084	1.0
-1.4059496484682499	3.97457016824791	1.0
0.23095542300076705	3.722598120879537	1.0
0.9794853862055786	4.354302552979919	1.0
0.48842084645086525	3.897076401168765	1.0
0.49212246211973715	3.68522897304	1.0
0.7307360564808922	4.015394439909156	1.0
0.8380714233530413	5.257487365903774	1.0
-0.9432751458710887	3.425193241801893	1.0
-0.5746483968259566	2.162717338019654	1.0
-0.0648578171633034	3.1101911275134944	1.0
0.24437003831478096	2.860644392445889	1.0
0.10930876475196005	3.2844127764624886	1.0
0.5872773725559224	4.567308890937519	1.0
-0.07667718476279518	2.498004618258168	1.0
-0.30109237808360406	3.8241976404737263	1.0
-0.30223087309480956	4.215097011704788	1.0
0.4548771503859328	2.67931594029906	1.0
-0.247324262095904	2.667731826200513	1.0
0.023148579163703317	2.0255951004798662	1.0
-0.2619760213365003	2.3066187376183995	1.0
0.7432967420881891	3.482373541752834	1.0
-0.25398123095584607	2.2492688201424857	1.0
-0.5876582677822321	3.0000686369468808	1.0
0.3295791149849385	3.881782607315086	1.0
0.6766184090400534	4.3510156960856365	1.0
-0.0744836153049274	3.6689089597133395	1.0
-0.03135579224424743	2.823319814259535	1.0
0.033612764720175256	3.4442864267558466	1.0
1.2796868269139199	4.555175051435576	1.0
-0.23896059450698393	4.687337816070778	1.0
-1.0656549741496528	3.1266349109690306	1.0
-0.5271020860218463	3.5321157992210557	1.0
0.11611475450415182	4.772445269197108	1.0
0.5828058787159923	3.811229360970755	1.0
0.44548356209444473	2.7280180903824873	1.0
0.6920175325215354	3.8355314668382006	1.0
-1.0090586099227692	2.8392643467461243	1.0
-1.0669817788381846	2.8644024087798092	1.0
0.6980827448497646	4.132776064120741	1.0
-0.4737004641984126	1.9950858594815046	1.0
0.07083953647639923	2.691423719090716	1.0
-0.2996154668377198	1.9879005375227246	1.0
-0.9799541956779734	3.092762036393764	1.0
1.1297447195978858	3.0110682492110232	1.0
0.02411317538224548	3.61802979171929	1.0
-1.036396842489884	3.022985009195802	1.0
-0.006032747385537484	3.411241252149682	1.0
0.0626573337329757	2.938203149880871	1.0
-0.08906334474971625	4.505503395199641	1.0
-0.4036809309656015	2.836502176781542	1.0
-0.03621616517229848	3.0033719472871123	1.0
-0.8825703125899275	3.0864849071284555	1.0
-0.9664852559079371	3.9765332394941963	1.0
0.779799975563459	4.846196035783185	1.0
-0.452012291570187	3.5987638509143025	1.0
0.33148834805114447	3.4005706069574484	1.0
0.12858155357877826	2.619596510153749	1.0
0.4929718641827877	2.53719754164383	1.0
0.24240437470430798	2.9011908261046617	1.0
-0.2558816862189899	5.043128646957798	1.0
-0.20160307197896316	3.4422987425933527	1.0
0.969160013177798	3.8052066069059918	1.0
0.8124932818533712	3.463098990873436	1.0
0.6597869155599102	3.982976820234497	1.0
-0.8785347744669774	4.634690129154446	1.0
-0.2508533946880566	3.8392676468588998	1.0
-0.8189028590844947	3.964842260204294	1.0
-0.0024956290108586266	2.158279855177046	1.0
-0.5357531116623224	4.262058092036172	1.0
-0.049905505424293506	3.2390153290015413	1.0
-0.1364108822089737	3.577761291941674	1.0
-0.0076552312789197885	4.249397630493354	1.0
2.14970983071643	3.892627997499748	1.0
0.2493371802278173	3.1378460375149153	1.0
-0.3583792946188217	3.2530331893707327	1.0
-0.40714316094945013	2.199094493032536	1.0
-0.5359403373536299	3.3771125827608754	1.0
-0.3956673307942584	3.1964751648380063	1.0
-1.6209524962654647	4.416789351576519	1.0
0.12085582699362259	4.039546462564806	1.0
0.37373935727751995	4.549177928560743	1.0
-0.566084737378378	4.226537563449902	1.0
0.01488048579212366	4.579610405427003	1.0
-0.936861671826037	2.560266200746603	1.0
-0.758332823463534	3.5267174613754597	1.0
0.6664050298205504	3.370505751461275	1.0
-1.1254886700300633	3.4745585535057386	1.0
-0.06364454124813759	2.4060822240899604	1.0
0.3685603967574961	2.540661093447166	1.0
-0.9203332623825589	4.5847149887455405	1.0
1.3734530544338166	2.644433088410479	1.0
0.5176661201850844	4.023448983678179	1.0
0.6113872924714555	3.4665257391372917	1.0
-0.013741658812574085	4.854861276744506	1.0
-0.4392672379713817	4.73408554714573	1.0
1.2278242707394305	4.376442197037758	1.0
-0.6714711445575605	3.3831004647418905	1.0
-0.9701166595797385	4.1339594810132985	1.0
0.46084029582346575	3.3290130305448224	1.0
0.7608479016684163	3.0806504205938614	1.0
0.4053074979717788	3.770301997081258	1.0
1.162901727895325	3.186913015027095	1.0
-1.0181312720624556	2.7515054213262014	1.0
-0.8856976944945922	3.4334890959683757	1.0
-0.39414902684638237	4.361426264211566	0.0
-0.7282525028120876	3.6733304802510043	0.0
1.0740177061170764	3.3261856817483206	0.0
-0.4205501225220776	3.474079656150062	0.0
0.8124850323041228	3.463541460954732	0.0
-0.998047103301772	4.146916437601537	0.0
0.35915645063423096	2.535037782294493	0.0
-1.041752238943258	3.1068693071730134	0.0
-0.029895441031795623	3.646469888014155	0.0
1.1683819833515672	3.9373423254918194	0.0
0.49883920112755026	3.2431510139127195	0.0
1.3976958596928462	3.526928345067704	0.0
0.47624958301033615	4.034463184256949	0.0
0.3249157397252443	3.6902931640205927	0.0
0.9622278163692569	3.48479919122191	0.0
1.6492097176879532	4.674728867480928	0.0
-0.2721708128546786	3.47721335891219	0.0
0.06172505731066151	4.174619540985775	0.0
-1.0143856433440621	3.226988215090658	0.0
-0.5846068203604454	3.4231162440341834	0.0
0.1706875681993885	2.9917679888556945	0.0
0.48434509847525903	2.2835476971349227	0.0
0.11035447718208474	2.1893895417217464	0.0
0.49164411837946076	4.4037285863009235	0.0
1.4949106024768426	3.4698119266390393	0.0
0.2246479250292296	2.1111578089259275	0.0
0.09351390606929288	2.946690348109964	0.0
-0.329790792689663	3.396221653885552	0.0
-0.1379024291341523	2.923844521671758	0.0
-0.11499255169184204	3.657341674498318	0.0
0.24267898385032088	3.1264945826907162	0.0
1.207460270967748	3.1653728480469354	0.0
0.5369244604544271	4.500376279309775	0.0
0.2475524845295256	3.6668524435311993	0.0
-0.1276573321618866	4.679509230584027	0.0
0.11714721859939212	3.594333127643543	0.0
0.07092628457840797	2.5555176436194547	0.0
-0.19216065333189597	3.3361220474674735	0.0
0.3372084230171783	2.451450005257267	0.0
-0.5020994335950232	3.1387279801825083	0.0
0.08094304157132307	3.726491335925373	0.0
-0.4672260574397522	3.5961219884313684	0.0
-0.607189825574116	3.7321857831263596	0.0
0.9940066508139462	2.9586878168831845	0.0
0.9279590095210697	3.251011307298551	0.0
0.47316894258464387	2.635673681192622	0.0
1.303101653483319	2.683875445237136	0.0
0.17972681165998794	3.2000507739416117	0.0
0.45650052492064297	2.753692001961488	0.0
-0.36563529970509434	2.667825684981506	0.0
-0.4563021471851702	3.491699107119539	0.0
-0.4551283029346451	3.2890903797188287	0.0
-0.6954959099737242	2.092514376938684	0.0
0.38381521636362337	3.316075181524671	0.0
0.06445544476150127	4.073492949977519	0.0
0.06400598530602686	4.6095583452055315	0.0
0.41749746264129284	3.7866916514996776	0.0
-0.3531599693068555	3.6322273448034434	0.0
-0.5498020771657484	2.249962401807756	0.0
0.46719410196886746	3.7811939640738452	0.0
-0.6244563212818073	6.527164473387456	0.0
-0.6408374394824445	3.2252919360180843	0.0
-1.0226865010244146	4.491480639935302	0.0
-0.5862730510800961	2.141349755288917	0.0
-0.16199320183581806	3.0512908190017223	0.0
0.9365654529278917	3.5951004779371365	0.0
-1.3106127514603116	2.572644514459621	0.0
0.660338652785806	1.8534538335940876	0.0
0.22861379312599578	3.85723366328202	0.0
-0.13620666131620104	3.6067099390802424	0.0
0.4836554570729967	2.9148507882762478	0.0
-0.249782967598966	2.917931290912793	0.0
0.2714730369839671	2.4663233856952322	0.0
-1.586670643785815	3.2731332509310516	0.0
1.197603417060146	2.9144253006470064	0.0
0.031326444224350616	2.3424481741521017	0.0
0.1376508835663317	4.453693204340589	0.0
-0.0906513589230017	3.794768169374483	0.0
1.0623736941258066	2.5275371387946417	0.0
-0.29258985795166537	2.625712985290888	0.0
-0.5421708315027269	2.76142514314018	0.0
0.5505540127961636	2.0517287414762926	0.0
1.4403757869605909	4.125893925998451	0.0
-0.9758438971994662	1.6326299331120122	0.0
-0.18828320474358456	4.219001911690038	0.0
-0.04461220291553951	3.066828005647446	0.0
0.47930709146136785	1.7930812111422125	0.0
-0.5287416433940595	2.8386243695120963	0.0
-1.5682673669337472	2.15516667650676	0.0
0.4074722918540756	4.399068375732339	0.0
-0.20765624477156672	3.185902456123155	0.0
0.5735483923456719	3.347290631523506	0.0
0.3086724184547583	2.579464999783558	0.0
-0.7116470653244374	4.586722145315876	0.0
-0.09937641655098578	2.17166385454438	0.0
-0.2642293290098692	4.401391920448271	0.0
-0.22188755916538544	1.8731634817866571	0.0
0.6681716027285911	2.4643519033074544	0.0
-0.28121819464691356	2.6438062271343004	0.0
0.10458426268631243	3.9401961259373444	0.0
0.1146098575739131	3.738727269898698	0.0
0.6327526900267078	3.008703347405831	0.0
1.3316863459616914	4.035079049525999	0.0
-1.5876292236887966	3.510939031394784	0.0
0.31692093419763956	2.6642614231231865	0.0
-0.43307208283963305	2.107577205094217	0.0
-0.7161562307790524	4.157095744287735	0.0
1.3469266822316608	2.610972158641659	0.0
0.05670846236182024	4.568148993803188	0.0
-0.970668301648593	3.927169368438184	0.0
-1.7542921239483118	3.6790890765713185	0.0
-0.5523785648266751	2.223227797837769	0.0
0.17916907758885903	4.076251195351497	0.0
-0.8738221051758055	3.655676880883741	0.0
0.8279478497806416	2.1222487909630456	0.0
0.9825823803621914	2.5993115702953697	0.0
-0.2606979880804142	2.9344321635649053	0.0
-1.3626438316939553	3.5297371826483492	0.0
-0.9267397269424069	3.7857318876339474	0.0
-1.4740292748075987	3.7995953047251474	0.0
-0.23386309788247475	3.0972987071361286	0.0
-0.4923751002322416	4.060506181991736	0.0
0.7383373081372817	3.0629202878278887	0.0
-0.1823377128904323	3.817946210463856	0.0
0.15752821300681505	2.449499638934788	0.0
-0.5470746342753152	4.934908454857143	0.0
-0.6961399554530765	4.111746663204637	0.0
0.3442893102870811	3.456734491576191	0.0
0.3694906909018568	2.693674742403532	0.0
0.10260892345085026	3.318101284363416	0.0
0.536804189957845	3.491299132062496	0.0
-0.9886248621665679	5.452456726257246	0.0
1.2266489877109377	3.2026384403340553	0.0
0.08307888415501315	3.5601972630322893	0.0
1.140201944252445	3.0376734476489604	0.0
1.440238019926857	3.884941670615378	0.0
-0.20245301121383089	4.127374446089833	0.0
-0.34561003700980464	3.0648112509536785	0.0
0.8663645165348399	4.005217391322374	0.0
-0.2602585583595083	4.802656781510053	0.0
-0.058049107017394186	3.391086707697911	0.0
-0.5215421253307035	3.530424120417531	0.0
0.126658101283884	3.4836073879940788	0.0
0.2912804528883136	3.501961120314332	0.0
0.4590432908747012	2.466817288868997	0.0
0.4522139454792582	4.119633804845939	0.0
-0.7304393504484706	3.27087991864883	0.0
-1.0591285873399483	3.962899596476729	0.0
-1.4161775753435144	3.5151820001107192	0.0
-0.4920232014351662	3.845756561285643	0.0
1.066458412647911	3.675817680203468	0.0
0.10684033273788461	2.8305205784080583	0.0
0.6245169810352428	3.143260916544977	0.0
-0.5822610720014261	2.89752037459552	0.0
-0.2941223645035712	4.505987677263248	0.0
0.6831049807746375	4.698146183824358	0.0
0.24284575763061256	3.3567322160788717	0.0
0.5706552497964852	3.3273753921647056	0.0
-0.11746215067294788	5.03579012878977	0.0
-0.053358188466646465	3.0287938507895635	0.0
0.49181770104387795	3.8060909181958418	0.0
1.0207710423209224	3.356481399864515	0.0
-0.1208902366283128	3.844901492830533	0.0
1.3003098075844584	2.985259167473096	0.0
0.23224225659262876	4.616617294878491	0.0
0.38257830809380644	2.8105718629126963	0.0
-0.8455458454496624	3.1214780381587897	0.0
-0.2502029538259047	3.4093897694128232	0.0
0.020362370971501814	2.5119409115318048	0.0
-1.028315350448728	3.6570294676177246	0.0
-0.022593141409562194	3.6948815201591945	0.0
-0.2449916313821086	4.2016889181154085	0.0
0.47038945232704843	4.975310233594823	0.0
-0.5645827174150353	3.1723849323086695	0.0
0.3071718730695506	4.631014057148415	0.0
-0.8595498039936216	4.22587824682477	0.0
0.43650645316643966	3.553237293722724	0.0
0.19436207169567732	3.386224897209035	0.0
0.21662132686093372	3.894625033345045	0.0
-0.04966928023336526	3.7846377311202994	0.0
-0.5270487617196395	2.744150488133786	0.0
-0.8053089909158366	3.2615396049671386	0.0
0.11725681103789654	2.446473033777483	0.0
0.5904775801030278	5.097143120705121	0.0
-0.08317114103788967	3.802040148373453	0.0
-0.29349583852786676	5.015031287723515	0.0
0.027971956990592628	3.9778976425670303	0.0
0.8471695165169131	2.9104920497267304	0.0
-1.0878603802252806	2.7311113876090634	0.0
0.24103466060746065	4.774004457368326	0.0
0.5699680657484765	3.0746557175484055	0.0
-0.1108870426741642	3.799221498246512	0.0
0.44936336102942087	1.7603859097342616	0.0
-0.8801544345127801	2.66105175691002	0.0
0.04886789110397321	2.805927227399479	0.0
1.3955090677234	4.404047811807876	0.0
-0.4006700698650526	4.081555972375158	0.0
-0.7419759926212623	2.525312154004642	0.0
0.2422302753730577	3.532202603164466	0.0
-0.43599543869103685	3.6552004428108393	0.0
-2.4627541950910183	0.016803394050681625	0.0
-2.5004345306525266	-0.31311814753026745	0.0
-1.9546985264618029	-0.6163403966470473	0.0
-2.1741766685338915	1.037573576933927	0.0
-2.1053788520990775	-0.9538650702213329	0.0
-2.8846826596106334	-0.8729747186663309	0.0
-1.343785186552814	0.539242588955346	0.0
-1.6890780399795595	1.2608907719909348	0.0
-2.8635746357996226	-0.13161883724285656	0.0
-1.5923432861396396	1.025290557599814	0.0
-2.512673103439461	0.5346849417105088	0.0
-2.7882195131322893	0.550473176950616	0.0
-0.7289693638641936	0.2083533849108201	0.0
-2.41533946631579	0.5484848365443956	0.0
-2.4755829203869473	-0.3867976647616954	0.0
-1.9025789597548581	-0.12027436302485153	0.0
-0.5869290623180055	0.11505601333959264	0.0
-2.047330596065926	0.5152338930313249	0.0
-2.422997266566042	-1.9252446214039338	0.0
-1.5020935348918236	-0.04262883812457286	0.0
-1.8280520703946563	-0.29559108367108733	0.0
-1.9630744100415383	0.466752506604096	0.0
-2.33854274910297	1.1334472276713106	0.0
-2.3761279239295856	0.12905051255778605	0.0
-3.424811677095871	0.3028999797484516	0.0
-0.6275139736613338	0.5686683071324307	0.0
-1.0980180798621935	-0.9452177569390332	0.0
-1.8097752846402217	1.4347993704138584	0.0
-1.4529652871712462	0.9428175393265026	0.0
-0.7605632017523147	1.1243095082173016	0.0
-1.8762033952745247	0.6940783220834861	0.0
0.7812091906796352	-0.41528957519357923	0.0
0.7923651644135741	0.2508576926402697	0.0
-1.7700495846787034	0.2725276425776024	0.0
-2.4731919765617727	0.5493705655372931	0.0
-1.4742238348608154	-0.7539386010940934	0.0
-1.013189607323354	0.4768505698490279	0.0
-1.4262223128662315	0.34763438504422794	0.0
-2.377523307627302	0.9138922559425637	0.0
-1.8233392693224924	-0.6136528581870708	0.0
-1.54785236630288	-0.6275603286153704	0.0
-1.6560529935788775	-1.1802519314348723	0.0
-1.0212155933497638	0.600030969914549	0.0
-0.28716783118850553	-1.3783982780161361	0.0
-1.5914834674300855	0.6082865929119017	0.0
-1.757611926653099	-0.9742028773289081	0.0
-0.8042003251538394	0.19979162310220783	0.0
-1.9867429045843754	-0.8520722391205255	0.0
-1.486840289987393	-0.31498888928970803	0.0
-2.2018223039673344	0.17246252682566737	0.0
-2.2818926425870756	-1.694417508925853	0.0
-2.8183713562152866	0.05799219766984352	0.0
-1.9802738065975496	1.4794913101230007	0.0
-1.5915727822637047	1.0784405259553622	0.0
-2.353379990854311	-0.5396688463847206	0.0
-1.4811424213221542	-1.1769338845471347	0.0
-1.4220760578908052	0.8674528757080454	0.0
-2.287895940123785	0.39962573398048434	0.0
-1.6831819761294122	1.901133884518299	0.0
-1.6156530289386741	0.5600914296214529	0.0
-1.966286181839225	0.9679591892261643	0.0
-3.1337331609917287	0.7025696198477166	0.0
-2.817603378770338	0.9626803343699686	0.0
-2.107707633073877	0.1633691426344304	0.0
-1.7093119930664902	-0.8799433023217249	0.0
-1.5669936187048639	-0.26076426368643496	0.0
-2.6662740079392195	-0.4897474341353356	0.0
-2.4067817703530783	-0.28746373097253053	0.0
-1.3386787630246193	-0.5499694694660596	0.0
-2.2311693729267548	-0.33056020944236736	0.0
-3.1746799954182703	0.45917050544287186	0.0
-2.858472907542718	1.0091887164641582	0.0
-2.2310276190579823	-0.6746406083252989	0.0
-2.253475880549674	0.24221730153038346	0.0
-1.836235979000928	-0.25876846558638533	0.0
-2.5999004347132955	-0.28490645035795825	0.0
-1.0523312677614152	0.5099176530893889	0.0
-2.12466404704405	0.3860202012522397	0.0
-1.416976570562798	-1.3162431760876838	0.0
-1.7831036724115379	0.5574017174294159	0.0
-2.020678597770584	-1.026479276223693	0.0
-1.6988081484521076	-0.9849657689807647	0.0
-2.252082983123187	-0.7126292001012496	0.0
-2.762276106335841	-1.2205856001474191	0.0
-1.565161235055948	-0.12344811953244378	0.0
-2.662496299528935	0.20309105808628258	0.0
-2.3512502057631934	0.8471925924797066	0.0
-1.1661979410810674	0.17487320457312178	0.0
-1.8797347873120183	0.1591340743004933	0.0
-0.9361162118868727	-0.5100093089630656	0.0
-1.2454333796598616	0.35190196663275275	0.0
-2.4886399168732223	1.9355691155413115	0.0
-1.850935245631807	-0.1272890315754836	0.0
-2.041191934939441	-0.35791929493467545	0.0
-0.7566741448581695	0.3214517066390459	0.0
-3.203678208521966	0.06144646500485283	0.0
-1.1849075583035587	-1.0667245662557692	0.0
-1.7466567362311927	-0.9984868895544551	0.0
-2.7454820412513006	-1.1195766033698826	0.0
-1.7843139730521185	-1.7643138190346235	0.0
-1.5869079504925803	0.018448250658216307	0.0
-1.0070440204975268	-0.9240408043483135	0.0
-0.7296627432402709	0.21723982590438715	0.0
-2.1619760308792277	-0.7151614454211147	0.0
-2.1598210230181554	-0.19129407402689858	0.0
-0.08893834002142031	0.4950528058038427	0.0
-0.6103414631174755	-0.012159699192563636	0.0
-2.8971715557891633	1.7982361926167711	0.0
-1.1005681657322977	0.3569468644846282	0.0
-1.3883872009415938	-0.5630284672759679	0.0
-2.2383352992590693	-0.8297383914060434	0.0
-3.233176757290045	0.3174765536010923	0.0
-2.3431241545998724	-0.05307726081281804	0.0
-2.45687414717634	0.7917121007289978	0.0
-2.4428922864380587	0.48816589840431135	0.0
-2.0359054529939002	-0.9400427999915706	0.0
-2.7599489717436976	0.438518479213444	0.0
-2.0591418914883706	-0.5925994801697481	0.0
-2.2280280502261207	0.472255037819414	0.0
-1.6203251165730264	-1.0428511110515293	0.0
-2.358334596103858	1.2904671012448221	0.0
-2.734611767234761	0.625140732538738	0.0
-1.314665240279428	0.6417966910249506	0.0
-3.094091595043474	-0.8253129932467356	0.0
-2.278321627243767	-0.009011671617217363	0.0
-3.067564454884004	1.061898030617309	0.0
-2.2119332303366845	-1.377594583034535	0.0
-3.4580893485704145	-0.986119547720993	0.0
-2.442902026929178	-0.8182939928129875	0.0
-2.933225334542259	-0.539980263072855	0.0
-2.429355734432429	-0.9208048046803597	0.0
-2.917354193531924	1.9550437400016998	0.0
-1.374420228667192	-0.7948303308833671	0.0
-0.7741066963708443	0.21409983267778826	0.0
-3.2570675959672686	-0.388600976146692	0.0
-2.435611003054855	-0.9312318835056153	0.0
-2.2188345327165684	0.2605408356288394	0.0
-1.9544811779704956	-1.520470547234534	0.0
-2.3664137687502373	-1.9658846811510502	0.0
-0.13140605708172015	-0.20921010847832425	0.0
-0.8041053089778709	-0.05878518940964765	0.0
-2.700580162586651	-0.32623460520274955	0.0
-0.6737461494239247	-0.02465500647916284	0.0
-1.348490583761743	-0.06487581764289913	0.0
-2.028904582181478	0.370718240430839	0.0
-2.0528709152651454	0.27848486176560366	0.0
-3.0622967029264423	-0.3611315377080835	0.0
-2.2527040085388785	1.8313298942931724	0.0
-0.7642312535249702	-1.2813629870944683	0.0
-2.4480802133168797	0.8042778713090224	0.0
-1.9151963883756888	0.7762797319168383	0.0
-2.040356428621387	-0.5445476298345069	0.0
-2.6361664272779763	0.30752794571844555	0.0
-2.2635690323434283	-0.025546740746152444	0.0
-1.6263164216244332	-1.0947815956901985	0.0
-2.0211908149376283	1.1387792110983925	0.0
-2.6229052249141125	0.762919830232447	0.0
-3.4989181109405445	-0.4126934720592168	0.0
-2.418122952369301	-0.13533353561880432	0.0
-1.0590757148390044	0.349198984398284	0.0
-1.9951794395941964	0.9496322360670301	0.0
-2.95587055084138	0.21359876862792065	0.0
-1.6106074115621052	0.750738966672652	0.0
-1.108863441888924	1.072336067429505	0.0
-2.25883547837424	-0.14633595268145325	0.0
-2.3100741503552795	-0.5121325682126469	0.0
-2.407839100490598	-0.3373746434321188	0.0
-1.6201048267632674	0.8523640097086866	0.0
-1.474231194000612	-1.0474769006166207	0.0
-1.263209787268157	1.1338284318059093	0.0
-2.371515277775597	0.3859602318684075	0.0
-1.2178960355228594	0.3953930288269697	0.0
-2.97452855598586	1.1071011405706623	0.0
-2.652789115765241	-0.22254952111825982	0.0
-1.3691258389157532	-0.4401557583872493	0.0
-2.6102520385785914	0.1626039463892592	0.0
-2.013518350641185	-0.38562955719419445	0.0
-0.7890536943081663	0.9236700203125181	0.0
-2.1269696219823597	0.6581145428438611	0.0
-1.9979834550781685	-0.8974846264849063	0.0
-2.2709893074260656	0.8473327539082559	0.0
-1.9415251787800198	-0.5328929822059287	0.0
-1.9093208000632607	-0.24382680948962435	0.0
-2.3914780931528585	0.42428874992247867	0.0
-2.027934176498499	-0.09151992435455605	0.0
-2.2787249181976446	-0.7727534786629149	0.0
-2.220588277407708	-1.3859438606722176	0.0
-1.1524070059994411	1.3498045401674066	0.0
-2.3456560632733887	1.0363419146854311	0.0
-1.4675859529871929	-0.923718036547678	0.0
-1.6646766550956407	0.23105924807628003	0.0
-1.3023347539736934	0.13593277087246194	0.0
-3.499062337346137	1.4490818428808336	0.0
-1.7036717016130487	0.3093751487031431	0.0
-1.7389130897318155	-0.5447783520570433	0.0
-1.4842283592155665	0.7660031045909641	0.0
-1.2499814647313894	-0.3401788347205442	0.0
-0.9937755111775073	0.8017783533313454	0.0
-3.7857434854192236	0.9815717741852501	0.0
-2.2906031503429976	-0.8391781716901847	0.0
-1.3354411910122674	0.22252910830638617	0.0
-3.173923529090737	-0.8372043275151233	0.0
-3.483767837692289	0.07687568905076363	0.0
-1.8901765691547214	0.04513542363591297	0.0
-2.798353382498349	-0.2293601331417231	0.0
-3.571100882782883	-0.9617664476425258	0.0
-2.31743270666241	-0.13198645981354942	0.0
-2.932204608334541	0.9346301041743632	0.0
-1.995047934452891	-0.6141286177553307	0.0
-2.1138162652852404	-0.5820741782609319	0.0
-2.3633812812443944	-0.6752826775359341	0.0
-1.7848744097090212	0.16862610216401652	0.0
-1.790653458497198	-1.0698340098105872	0.0
-1.9911271879965509	0.026459528077255205	0.0
-2.2796153181895527	-0.48864594317755683	0.0
-2.0262679158088512	-0.38053445870278757	0.0
-1.6766207460072213	0.2890999192413648	0.0
-2.7073706066236447	1.1744872865041476	0.0
-1.405217373570204	1.2048552444185678	0.0
-2.4257227406803668	0.6152572303191912	0.0
0.008496802882024479	-0.1544835883341844	0.0
-2.409399635337533	-0.4423587429312663	0.0
-1.2054662256573807	-0.2796062890197901	0.0
-1.8588190922483565	0.20380362902216143	0.0
-3.9219809663474745	-0.0793315037849967	0.0
-2.0929669721816775	0.5160888583002781	0.0
-1.2407282652538907	-0.5487559651599098	0.0
-1.3173334762349382	-0.7742261238279573	0.0
-0.8925007553094355	1.0386797254741138	0.0
-2.9171399905168243	-0.3114159461386962	0.0
-1.6848428916173515	1.1490240784035528	0.0
-1.0492113891172634	-0.19808914838222955	0.0
-1.8775745273495168	-0.4105871310557407	0.0
-2.9094980647604003	-1.2039962360275758	0.0
-2.1159084266474366	-0.3371671614333601	0.0
-1.639375137766284	-0.5611252534172038	0.0
-1.6486806366215299	0.009289999646588014	0.0
-1.782665550482186	-0.49082544994256216	0.0
-1.3779941588402425	-0.4873464071845307	0.0
-2.1606657209436144	-0.10711992245728949	0.0
0.07923100767541857	0.7365156630990396	0.0
-1.8899258116604454	-1.414823968812096	0.0
-1.5769773449075142	0.1749844003805138	0.0
-1.598113395337446	-0.31695778196890523	0.0
-1.5075846433607052	0.35821265219009724	0.0
-1.4916310764093945	1.5422698399205235	0.0
-0.2696814280731328	0.4149949330213231	0.0
-0.7972888321655431	-0.6898705374500217	0.0
-2.6600464303702984	-0.5536404194702458	0.0
-2.663818446741004	-0.7751805795064504	0.0
-3.1256644738791852	0.6858485222884299	0.0
-1.4825674094762018	0.13573400373847408	0.0
-2.4968750683255303	0.613268715810415	0.0
-2.216182908835862	-0.6363151767267656	0.0
-1.5462615404143656	1.276087748629078	0.0
-2.420417691582993	-1.6034468744078758	0.0
-1.8472416602875643	1.0250575140457767	0.0
-2.9298869301193458	-1.9732628980536902	0.0
-1.5055261778500224	0.14373090822638404	0.0
-1.4053093614329308	0.3365314789819748	0.0
-1.2322912023010444	0.7923240500594613	0.0
-3.398631484244963	0.7645933576591654	0.0
-1.824730857799488	-0.9540610661853246	0.0
-2.4335144726415407	1.0239995883772253	0.0
-3.0125459141381166	0.09332174875739555	0.0
-1.6195034886557829	-0.5181070243301663	0.0
-0.7251009529824701	-0.240726797776987	0.0
-1.6129872155265677	-0.6203281466611805	0.0
-3.1755429711165437	-0.6305116604583402	0.0
-1.6560146533457836	-0.05506566672735265	0.0
-1.232612379238953	-1.9850143058757712	0.0
-0.8522534558548256	-0.2811987715960988	0.0
-2.308020892647322	-0.5579600046147972	0.0
-2.323500377035349	-0.6492680232044903	0.0
-2.7500273467395946	-0.9604884877745763	0.0
-2.0853102615515717	-0.6440628804675697	0.0
-2.1303607686001342	-0.16420356857999688	0.0
-1.635435884449423	-2.425655135636951	0.0
-2.5684816060183984	0.4563295163625686	0.0
-2.2527602907711106	0.9114397766354982	0.0
-1.3509243442201944	0.41876199480334697	0.0
-1.8783414129254201	-0.16002116898924407	0.0
-2.1036172404879365	-1.4709166148594264	0.0
-2.291286491502788	1.601566758979721	0.0
-2.4502433236151298	-0.6643752002241647	0.0
-1.0740382941048576	-0.5476376039926611	0.0
-1.4133337833916921	0.545362912504046	0.0
-2.2015062973236947	-0.4579221247609614	0.0
-3.042078584868998	0.5498290105434699	0.0
-1.7932061126106085	-0.575380581945587	0.0
-2.108976155715209	-0.0205754494849883	0.0
-2.606560133855316	0.8882734626786761	0.0
-1.8532611406111923	-1.0328604659639586	0.0
-2.1605489080312212	-0.3884960979063571	0.0
-0.926049350714532	0.05666554257267971	0.0
-1.5303634202010414	-2.150429580124248	0.0
-1.7182259918239176	-1.1428333553500147	0.0
-2.263269071703624	0.7070666942669498	0.0
-2.2107971397826227	1.2455032933873613	0.0
-2.4487146856856077	0.4118494287679849	0.0
-0.8779245468770203	-1.8967580736863132	0.0
-2.0175507949952767	1.362105396918511	0.0
-1.1101393887539273	1.0336723039601874	0.0
-1.6057580416606183	0.3127604651223513	0.0
-2.7597262187095186	-0.9457959670153971	0.0
-2.727819976889949	-1.3960420314174726	0.0
-2.454087770494846	-0.40199265408175733	0.0
-2.4515042328366485	-0.3708447323527037	0.0
-1.8279158775312485	-0.11006241579801518	0.0
-1.8472584269067764	-1.2998706670264384	0.0
-2.0082333158311543	-1.5987058977680744	0.0
-1.2036507028208046	0.15086384588850615	0.0
-1.0648479400852002	1.248622187134337	0.0
-2.5956083252753084	0.6586002078523703	0.0
-2.601880525524426	-0.4362805619606902	0.0
-1.4125371360180021	-0.557287525490878	0.0
-2.56679562728742	-0.5146341290628305	0.0
-1.9611561148631644	0.3808782942849277	0.0
-2.312144177901242	-0.07570614159806319	0.0
-2.0635531130810905	-0.43386977103316005	0.0
-3.212292598467524	1.0525452503760686	0.0
-1.8494006669375618	-0.5255007467008462	0.0
-1.0495767468870354	0.41475664617867414	0.0
-1.1307841992358791	1.0797679555157083	0.0
-2.340269273210145	-0.6829452986183535	0.0
-4.04455935156397	-0.4163615864519808	0.0
-1.436260169486316	-0.22426439608854876	0.0
-3.0214853272401756	-0.6175163298516613	0.0
-2.644137131482476	0.4970883571298371	0.0
-2.242452446456427	1.4922750532812632	0.0
-1.736600071445169	-0.9861583607056548	0.0
-2.674714551918376	1.2256991711048846	0.0
-1.7198261613067487	0.6020366941462532	0.0
-2.6309975199337887	0.9988980826082319	0.0
-1.6740102985862166	-0.7043357424213474	0.0
-1.964820867819574	-1.1517880258357074	0.0
-2.186542405339783	-0.2463152182093407	0.0
-2.198614899948269	-0.736437142044557	0.0
-2.6980498603336898	-1.0752479237322865	0.0
-2.308872486490395	-0.9720029807280859	0.0
-2.377339586636294	0.6625735220553832	0.0
-2.409566479292237	-1.1422712219240574	0.0
-2.347313358999247	0.6470035710619476	0.0
-0.7596586344673246	0.4430818370662909	0.0
-2.074640132703281	-0.3453600221549923	0.0
-4.098119214259416	0.39921310490985684	0.0
-1.5182670723173999	-0.25871000078873957	0.0
-1.386556315587388	0.0916634820538523	0.0
-2.268776305714096	-0.360771800771086	0.0
-1.9285605572703457	0.5506486462537441	0.0
-0.7999636060852873	-0.02354971297980978	0.0
-2.4493509244363088	-0.7463129094098717	0.0
-1.4410059424695318	-0.6289737197210019	0.0
-2.751108078570284	0.23702379131476506	0.0
-1.9469627595212908	-1.0975073108618956	0.0
-1.6375761638989528	0.08842231803018884	0.0
-1.85190242480027	-0.11825581261947227	0.0
-2.281160187464409	1.230913615100092	0.0
-3.6263517914144243	0.2729647646292885	0.0
-1.3633693931128184	1.0695712740038315	0.0
-1.077454563034769	0.2899410318849087	0.0
-2.7693511256102896	-0.16437737920875092	0.0
-1.7836267919162583	-0.1712712240056597	0.0
-2.1265846392748964	-0.8315613178803134	0.0
-1.370707537736246	-0.23253278351084639	0.0
-3.225134886026742	0.6460707075673288	0.0
-2.907572593049637	1.0241863499698471	0.0
-1.1428322350932467	0.03508636549271937	0.0
-3.8120640146140583	0.34934063010307254	0.0
-2.551134692016948	0.7293170474216497	0.0
-1.4689950096919064	1.0128014898960038	0.0
-1.2695447329102025	0.3366119384880192	0.0
-1.0277778334727086	-0.9281593421652055	0.0
-1.6898846459081986	-1.2857790639741822	0.0
-0.9072246455173358	-0.05469543287672772	0.0
-2.3153998553861466	-0.7984409792880955	0.0
-3.4695179405935765	1.5792556301654042	0.0
-0.5669966551888332	1.352371858813947	0.0
-1.2359353788083172	-0.8776200583792164	0.0
-3.845042153439037	-1.0152889694197724	0.0
-1.1019346830112948	0.7115457243414582	0.0
-2.987986731659744	-0.32492120714633305	0.0
-1.7997012021311765	-0.6455760803550299	0.0
-1.0259462557914767	0.45547903839209536	0.0
-1.956550035674993	1.387862426932814	0.0
-1.6023830501270022	1.151989237296155	0.0
-3.2693791759298936	-1.4989764151017453	0.0
-1.5089689743753425	0.774992980513421	0.0
-2.340883963171582	0.6224347639863959	0.0
-1.3645004500541265	1.5479940523115856	0.0
-2.7191045077193365	1.5642857639939987	0.0
-0.8702992996782131	-0.5085998248265956	0.0
-1.9872776384892088	0.051750471466371614	0.0
-2.3978524525235914	-1.1235338501060135	0.0
-3.0337234024465487	0.2886280620018515	0.0
-1.94328696727354	-0.5304416110797846	0.0
-1.5704276877975423	0.7242625630054765	0.0
-1.7256455963872217	-0.21545657044674593	0.0
-2.148125460039702	0.3094832351203454	0.0
-2.3677806221456414	0.2599337775075369	0.0
